fecha,etiqueta,num_reads,seed,energia_minima,num_incumplidas,lam_R1,lam_R2,lam_R3,lam_R4,lam_R5,lam_R6,lam_R7,lam_R8,ok_R1,ok_R2,ok_R3,ok_R4,ok_R5,ok_R6,ok_R7,ok_R8,y_lead,y_cert,x_sobre,y_rotacion,x_ex_total,x_cert,x_ex_stack,x_tech,x_test,x_senior,x_lead,x_ingles,x_soft,x_salary
2026-08-15T16:47:44,autotune_ronda1,1000,42,-262.4999999999977,1,50.0,50.0,50.0,50.0,50.0,50.0,50.0,50.0,True,True,True,True,True,True,True,False,0,0,0,1,15,10,10,0,100,0,0,2,1,1
2026-08-15T16:47:46,autotune_ronda2,1000,42,-261.99999999999454,1,50.0,50.0,50.0,50.0,50.0,50.0,50.0,100.0,True,True,True,True,True,True,True,False,0,1,0,0,15,10,10,1,100,0,0,2,0,1
2026-08-15T16:47:47,autotune_ronda3,1000,42,-261.979999999995,0,50.0,50.0,50.0,50.0,50.0,50.0,50.0,200.0,True,True,True,True,True,True,True,True,0,0,0,1,15,10,9,0,100,0,0,2,1,1
2026-08-15T16:56:53,check_nr1000,1000,42,-261.979999999995,0,50.0,50.0,50.0,50.0,50.0,50.0,50.0,200.0,True,True,True,True,True,True,True,True,0,0,0,1,15,10,9,0,100,0,0,2,1,1
2026-08-15T16:56:57,check_nr3000,3000,42,-261.99999999999454,0,50.0,50.0,50.0,50.0,50.0,50.0,50.0,200.0,True,True,True,True,True,True,True,True,1,1,0,1,15,10,9,0,100,0,0,2,1,1
2026-08-15T16:57:05,check_nr6000,6000,42,-261.99999999999454,0,50.0,50.0,50.0,50.0,50.0,50.0,50.0,200.0,True,True,True,True,True,True,True,True,1,1,0,1,15,10,9,0,100,0,0,2,1,1
2026-08-15T16:57:32,l5_1.0,2000,42,-261.99999999999454,0,50.0,50.0,50.0,50.0,50.0,50.0,50.0,200.0,True,True,True,True,True,True,True,True,1,1,0,1,15,10,9,0,100,0,0,2,1,1
2026-08-15T16:57:35,l5_3.0,2000,42,-276.99999999999727,1,50.0,50.0,50.0,50.0,50.0,50.0,50.0,200.0,True,True,True,True,True,True,True,False,0,1,0,0,15,10,0,0,100,3,3,2,0,3
2026-08-15T16:57:38,l5_6.0,2000,42,-324.49999999999636,1,50.0,50.0,50.0,50.0,50.0,50.0,50.0,200.0,True,True,True,True,True,True,True,False,0,0,0,1,15,10,0,0,35,5,5,2,0,2
2026-08-15T16:57:49,diag_l5_6,2000,42,-324.49999999999636,1,50.0,50.0,50.0,50.0,50.0,50.0,50.0,200.0,True,True,True,True,True,True,True,False,0,0,0,1,15,10,0,0,35,5,5,2,0,2
2026-08-15T16:58:13,autotune_ronda1,2000,42,-361.5000000000041,1,50.0,50.0,50.0,50.0,50.0,50.0,50.0,50.0,True,True,True,True,True,True,True,False,0,0,0,1,15,10,0,0,100,5,5,2,0,3
2026-08-15T16:58:16,autotune_ronda2,2000,42,-337.00000000000273,1,50.0,50.0,50.0,50.0,50.0,50.0,50.0,100.0,True,True,True,True,True,True,True,False,0,0,1,0,15,10,0,0,60,5,5,2,0,6
2026-08-15T16:58:19,autotune_ronda3,2000,42,-324.49999999999636,1,50.0,50.0,50.0,50.0,50.0,50.0,50.0,200.0,True,True,True,True,True,True,True,False,0,0,0,1,15,10,0,0,35,5,5,2,0,2
2026-08-15T16:58:22,autotune_ronda4,2000,42,-317.9950000000126,2,50.0,50.0,50.0,50.0,50.0,50.0,50.0,400.0,True,True,True,False,True,True,True,False,1,1,1,0,15,10,0,0,23,5,5,2,0,3
2026-08-15T16:58:25,autotune_ronda5,2000,42,-313.44000000002416,2,50.0,50.0,50.0,100.0,50.0,50.0,50.0,800.0,True,True,True,False,True,True,True,False,0,0,0,0,15,10,0,0,18,5,5,2,0,3
2026-08-15T16:58:28,autotune_ronda6,2000,42,-308.50000000005457,2,50.0,50.0,50.0,200.0,50.0,50.0,50.0,1600.0,True,True,True,False,True,True,True,False,1,1,0,0,15,10,0,0,15,5,5,2,0,3
2026-08-15T16:58:48,autotune_ronda1,2000,42,-361.5000000000041,1,50.0,50.0,50.0,50.0,50.0,50.0,50.0,50.0,True,True,True,True,True,True,True,False,0,0,0,1,15,10,0,0,100,5,5,2,0,3
2026-08-15T16:58:51,autotune_ronda2,2000,42,-341.41149999999743,1,50.0,50.0,50.0,50.0,50.0,50.0,50.0,85.0,True,True,True,True,True,True,True,False,0,1,0,0,15,10,0,0,69,5,5,2,0,3
2026-08-15T16:58:54,autotune_ronda3,2000,42,-329.29875000000993,1,50.0,50.0,50.0,50.0,50.0,50.0,50.0,144.5,True,True,True,True,True,True,True,False,0,1,0,1,15,10,0,0,45,5,5,2,0,4
2026-08-15T16:58:56,autotune_ronda4,2000,42,-322.17400000000816,1,50.0,50.0,50.0,50.0,50.0,50.0,50.0,245.65,True,True,True,True,True,True,True,False,1,1,0,1,15,10,0,0,30,5,5,2,0,3
2026-08-15T16:58:59,autotune_ronda5,2000,42,-317.69747549999283,2,50.0,50.0,50.0,50.0,50.0,50.0,50.0,417.605,True,True,True,False,True,True,True,False,0,1,0,0,15,10,0,0,23,5,5,2,0,3
2026-08-15T16:59:02,autotune_ronda6,2000,42,-314.2324575999901,2,50.0,50.0,50.0,85.0,50.0,50.0,50.0,709.9285,True,True,True,False,True,True,True,False,0,1,0,0,15,10,0,0,18,5,5,2,0,6
2026-08-15T16:59:05,autotune_ronda7,2000,42,-303.0862955949069,1,50.0,50.0,50.0,144.5,50.0,50.0,50.0,1206.87845,True,True,True,True,True,True,True,False,1,1,1,0,15,10,0,0,37,5,4,2,0,4
2026-08-15T16:59:08,autotune_ronda8,2000,42,-298.88296694604287,1,50.0,50.0,50.0,144.5,50.0,50.0,50.0,2051.6933649999996,True,True,True,True,True,True,True,False,1,1,1,0,11,9,0,0,49,5,5,2,0,6
2026-08-15T16:59:11,autotune_ronda9,2000,42,-285.10104380644407,1,50.0,50.0,50.0,144.5,50.0,50.0,50.0,3487.8787204999994,True,True,True,True,True,True,True,False,0,0,0,0,14,9,0,0,69,5,3,2,0,4
2026-08-15T16:59:14,autotune_ronda10,2000,42,-258.29195000083564,0,50.0,50.0,50.0,144.5,50.0,50.0,50.0,5929.393824849999,True,True,True,True,True,True,True,True,0,0,0,0,15,10,5,1,100,1,0,2,1,1
2026-08-15T16:59:35,final_convergido,3000,42,-269.39261099978467,1,50.0,50.0,50.0,144.5,50.0,50.0,50.0,5929.39,True,True,True,True,True,True,True,False,0,1,0,0,15,10,3,0,61,3,3,2,0,2
2026-08-15T17:19:15,check_r5_aislada,1000,42,-25.0,6,0,0,0,0,50.0,0,0,0,False,False,False,False,True,True,False,False,1,0,1,1,3,2,5,0,17,4,5,5,5,4
2026-08-15T17:20:02,autotune_ronda1,1500,42,-262.4999999999977,1,50.0,50.0,50.0,50.0,50.0,50.0,50.0,50.0,True,True,True,True,True,True,True,False,0,0,0,1,15,10,10,0,100,0,0,2,1,1
2026-08-15T17:20:05,autotune_ronda2,1500,42,-261.99999999999454,1,50.0,50.0,50.0,50.0,50.0,50.0,50.0,100.0,True,True,True,True,True,True,True,False,0,1,0,0,15,10,10,1,100,0,0,2,0,1
2026-08-15T17:20:07,autotune_ronda3,1500,42,-261.99999999999454,0,50.0,50.0,50.0,50.0,50.0,50.0,50.0,200.0,True,True,True,True,True,True,True,True,1,1,0,1,15,10,9,0,100,0,0,2,1,1
2026-08-15T17:25:10,autotune_ronda1,2000,42,-361.5000000000041,1,50.0,50.0,50.0,50.0,50.0,50.0,50.0,50.0,True,True,True,True,True,True,True,False,0,0,0,1,15,10,0,0,100,5,5,2,0,3
2026-08-15T17:25:14,autotune_ronda2,2000,42,-343.2479999999996,1,50.0,50.0,50.0,50.0,50.0,50.0,50.0,80.0,True,True,True,True,True,True,True,False,1,1,0,1,15,10,0,0,73,5,5,2,0,3
2026-08-15T17:25:17,autotune_ronda3,2000,42,-331.5312000000222,1,50.0,50.0,50.0,50.0,50.0,50.0,50.0,128.0,True,True,True,True,True,True,True,False,1,1,1,0,15,10,0,0,49,5,5,2,0,5
2026-08-15T17:25:20,autotune_ronda4,2000,42,-324.20352000004095,1,50.0,50.0,50.0,50.0,50.0,50.0,50.0,204.8,True,True,True,True,True,True,True,False,0,0,1,0,15,10,0,0,34,5,5,2,0,3
2026-08-15T17:25:23,autotune_ronda5,2000,42,-319.5313920000217,2,50.0,50.0,50.0,50.0,50.0,50.0,50.0,327.68000000000006,True,True,True,False,True,True,True,False,0,0,1,0,15,10,0,0,26,5,5,2,0,2
2026-08-15T17:25:27,autotune_ronda6,2000,42,-316.00811520009756,2,50.0,50.0,50.0,80.0,50.0,50.0,50.0,524.2880000000001,True,True,True,False,True,True,True,False,1,1,1,0,15,10,0,0,21,5,5,2,0,5
2026-08-15T17:25:30,autotune_ronda7,2000,42,-306.0428307910188,1,50.0,50.0,50.0,128.0,50.0,50.0,50.0,838.8608000000003,True,True,True,True,True,True,True,False,1,1,0,0,14,9,0,0,37,5,5,2,0,4
2026-08-15T17:25:33,autotune_ronda8,2000,42,-298.18271721228484,1,50.0,50.0,50.0,128.0,50.0,50.0,50.0,1342.1772800000006,True,True,True,True,True,True,True,False,1,1,1,0,13,7,0,0,57,5,5,2,0,3
2026-08-15T17:25:37,autotune_ronda9,2000,42,-297.14100654060894,1,50.0,50.0,50.0,128.0,50.0,50.0,50.0,2147.483648000001,True,True,True,True,True,True,True,False,0,0,0,1,15,10,0,0,92,3,3,2,0,4
2026-08-15T17:25:40,autotune_ronda10,2000,42,-292.65640261655426,1,50.0,50.0,50.0,128.0,50.0,50.0,50.0,3435.9738368000017,True,True,True,True,True,True,True,False,0,1,0,0,15,10,0,0,51,5,3,2,0,3
2026-08-15T17:25:43,autotune_ronda11,2000,42,-264.47290051656455,0,50.0,50.0,50.0,128.0,50.0,50.0,50.0,5497.558138880003,True,True,True,True,True,True,True,True,0,1,1,0,13,6,1,0,65,5,4,2,0,4
2026-08-15T17:25:53,validacion_final_nr5000,5000,42,-277.02265633049683,1,50.0,50.0,50.0,128.0,50.0,50.0,50.0,5497.558138880003,True,True,True,True,True,True,True,False,1,1,0,1,11,7,0,0,48,5,5,3,0,3
2026-08-15T17:26:33,autotune_ronda1,1000,42,-262.4999999999977,1,50.0,50.0,50.0,50.0,50.0,50.0,50.0,50.0,True,True,True,True,True,True,True,False,0,0,0,1,15,10,10,0,100,0,0,2,1,1
2026-08-15T17:26:34,autotune_ronda2,1000,42,-261.99999999999454,1,50.0,50.0,50.0,50.0,50.0,50.0,50.0,100.0,True,True,True,True,True,True,True,False,0,1,0,0,15,10,10,1,100,0,0,2,0,1
2026-08-15T17:26:36,autotune_ronda3,1000,42,-261.979999999995,0,50.0,50.0,50.0,50.0,50.0,50.0,50.0,200.0,True,True,True,True,True,True,True,True,0,0,0,1,15,10,9,0,100,0,0,2,1,1
2026-08-15T17:26:46,autotune_ronda1,1000,42,-269.9800000000055,1,50.0,50.0,50.0,50.0,50.0,50.0,50.0,50.0,True,True,True,True,True,True,True,False,1,1,0,0,15,10,0,0,100,5,4,2,0,6
2026-08-15T17:26:48,autotune_ronda2,1000,42,-265.75499999999784,1,50.0,50.0,50.0,50.0,50.0,50.0,50.0,100.0,True,True,True,True,True,True,True,False,0,0,0,0,15,10,3,0,100,4,3,2,0,3
2026-08-15T17:26:49,autotune_ronda3,1000,42,-267.9999999999927,0,50.0,50.0,50.0,50.0,50.0,50.0,50.0,200.0,True,True,True,True,True,True,True,True,0,0,0,0,15,10,0,0,100,4,4,2,0,0
2026-08-15T17:26:59,autotune_ronda1,1000,42,-278.5000000000068,1,50.0,50.0,50.0,50.0,50.0,50.0,50.0,50.0,True,True,True,True,True,True,True,False,1,1,0,0,15,10,2,0,100,5,5,2,0,6
2026-08-15T17:27:01,autotune_ronda2,1000,42,-276.97999999999956,1,50.0,50.0,50.0,50.0,50.0,50.0,50.0,100.0,True,True,True,True,True,True,True,False,0,0,0,0,15,10,0,0,100,5,5,3,0,0
2026-08-15T17:27:02,autotune_ronda3,1000,42,-278.0,0,50.0,50.0,50.0,50.0,50.0,50.0,50.0,200.0,True,True,True,True,True,True,True,True,0,1,1,0,15,10,1,0,100,5,5,2,0,5
2026-08-17T15:10:27,autotune_ronda1,2500,7,-403.00000000001364,0,100.0,100.0,100.0,100.0,100.0,100.0,100.0,100.0,True,True,True,True,True,True,True,True,0,0,0,0,15,10,1,0,100,5,5,2,0,5
2026-08-17T15:10:36,validacion_final_seed123,5000,123,-403.00000000001364,0,100.0,100.0,100.0,100.0,100.0,100.0,100.0,100.0,True,True,True,True,True,True,True,True,0,0,0,0,15,10,1,0,100,5,5,2,0,5
2026-08-17T15:10:48,validacion_final_seed777,8000,777,-403.00000000001546,1,100.0,100.0,100.0,100.0,100.0,100.0,100.0,100.0,True,True,True,True,True,True,True,False,0,1,0,1,15,10,2,0,100,5,5,2,0,6
2026-08-17T15:11:07,validacion_robusta_seed1,5000,1,-403.0000000000009,0,100.0,100.0,100.0,100.0,100.0,100.0,100.0,300.0,True,True,True,True,True,True,True,True,0,0,0,1,15,10,1,0,100,5,5,2,0,1
2026-08-17T15:11:15,validacion_robusta_seed42,5000,42,-403.0000000000009,0,100.0,100.0,100.0,100.0,100.0,100.0,100.0,300.0,True,True,True,True,True,True,True,True,1,1,1,0,15,10,1,0,100,5,5,2,0,6
2026-08-17T15:11:22,validacion_robusta_seed123,5000,123,-403.0000000000009,0,100.0,100.0,100.0,100.0,100.0,100.0,100.0,300.0,True,True,True,True,True,True,True,True,0,0,0,1,15,10,1,0,100,5,5,2,0,1
2026-08-17T15:11:30,validacion_robusta_seed777,5000,777,-403.0000000000009,0,100.0,100.0,100.0,100.0,100.0,100.0,100.0,300.0,True,True,True,True,True,True,True,True,0,0,0,0,15,10,1,0,100,5,5,2,0,0
2026-08-17T15:11:38,validacion_robusta_seed2026,5000,2026,-403.0000000000009,0,100.0,100.0,100.0,100.0,100.0,100.0,100.0,300.0,True,True,True,True,True,True,True,True,0,0,0,0,15,10,1,0,100,5,5,2,0,1
2026-08-17T15:11:52,perfil_final_robusto,5000,42,-403.0000000000009,0,100.0,100.0,100.0,100.0,100.0,100.0,100.0,300.0,True,True,True,True,True,True,True,True,1,1,1,0,15,10,1,0,100,5,5,2,0,6
2026-08-17T15:12:17,autotune_ronda1,5000,42,-403.00000000001546,1,100.0,100.0,100.0,100.0,100.0,100.0,100.0,100.0,True,True,True,True,True,True,True,False,0,0,1,0,15,10,2,0,100,5,5,2,0,3
2026-08-18T22:24:41,autotune_ronda1,3000,42,-765.0000000000127,1,100.0,100.0,100.0,100.0,100.0,100.0,100.0,100.0,True,True,True,True,True,True,True,False,1,1,1,0,0,0,10,5,100,2,2,5,5,0
2026-08-18T22:24:47,autotune_ronda2,3000,42,-762.1555555555569,1,100.0,100.0,100.0,100.0,100.0,100.0,100.0,160.0,True,True,True,True,True,True,True,False,0,1,1,0,5,3,10,5,100,0,0,5,5,0
2026-08-18T22:24:51,autotune_ronda3,3000,42,-760.8522222222464,1,100.0,100.0,100.0,100.0,100.0,100.0,100.0,256.0,True,True,True,True,True,True,True,False,0,1,1,0,4,3,10,5,100,0,0,5,5,0
2026-08-18T22:24:56,autotune_ronda4,3000,42,-760.1795555556291,1,100.0,100.0,100.0,100.0,100.0,100.0,100.0,409.6,True,True,True,True,True,True,True,False,1,1,0,1,4,3,10,5,100,0,0,5,5,0
2026-08-18T22:25:01,autotune_ronda5,3000,42,-757.2718222222375,1,100.0,100.0,100.0,100.0,100.0,100.0,100.0,655.3600000000001,True,True,True,True,True,True,True,False,1,1,1,0,2,4,10,5,100,0,0,5,5,1
2026-08-18T22:25:06,autotune_ronda6,3000,42,-750.0000000002638,0,100.0,100.0,100.0,100.0,100.0,100.0,100.0,1048.5760000000002,True,True,True,True,True,True,True,True,1,1,0,1,0,1,10,5,100,2,0,5,5,3
2026-08-18T22:25:39,autotune_ronda1,3000,42,-471.00000000001546,1,100.0,100.0,100.0,100.0,100.0,100.0,100.0,100.0,True,True,True,True,True,True,True,False,1,1,0,1,15,10,0,0,100,5,5,4,0,3
2026-08-18T22:25:44,autotune_ronda2,3000,42,-465.5999999999958,1,100.0,100.0,100.0,100.0,100.0,100.0,100.0,160.0,True,True,True,True,True,True,True,False,1,1,1,0,0,0,0,5,100,5,5,5,4,3
2026-08-18T22:25:49,autotune_ronda3,3000,42,-462.4400000000278,1,100.0,100.0,100.0,100.0,100.0,100.0,100.0,256.0,True,True,True,True,True,True,True,False,1,1,1,0,0,0,0,5,100,5,5,4,4,4
2026-08-18T22:25:54,autotune_ronda4,3000,42,-460.9040000000823,1,100.0,100.0,100.0,100.0,100.0,100.0,100.0,409.6,True,True,True,True,True,True,True,False,0,1,0,0,15,10,0,1,100,5,5,2,0,6
2026-08-18T22:25:59,autotune_ronda5,3000,42,-458.4915840000158,1,100.0,100.0,100.0,100.0,100.0,100.0,100.0,655.3600000000001,True,True,True,True,True,True,True,False,0,1,0,0,15,10,0,0,99,5,5,3,0,5
2026-08-18T22:26:04,autotune_ronda6,3000,42,-457.0000000002692,0,100.0,100.0,100.0,100.0,100.0,100.0,100.0,1048.5760000000002,True,True,True,True,True,True,True,True,0,0,1,0,0,0,1,5,100,5,5,3,4,1
2026-08-18T23:15:01,config_final_definitiva,5000,42,-415.00000000000364,0,100.0,100.0,100.0,100.0,100.0,100.0,100.0,300.0,True,True,True,True,True,True,True,True,0,1,0,0,15,10,10,1,100,5,5,2,2,4
2026-08-20T14:48:49,autotune_ronda1,5000,42,-415.00000000001546,0,100.0,100.0,100.0,100.0,100.0,100.0,100.0,100.0,True,True,True,True,True,True,True,True,0,1,0,0,15,10,10,1,100,5,5,2,2,6
2026-08-20T15:07:32,autotune_ronda1,3000,42,-415.60000000000116,1,10.0,10.0,10.0,10.0,10.0,10.0,10.0,10.0,True,True,True,True,True,True,True,False,0,1,0,0,15,10,10,2,100,5,5,2,2,5
2026-08-20T15:07:37,autotune_ronda2,3000,42,-415.40000000000146,1,10.0,10.0,10.0,10.0,10.0,10.0,10.0,15.0,True,True,True,True,True,True,True,False,1,1,0,0,15,10,10,2,100,5,5,3,1,3
2026-08-20T15:07:41,autotune_ronda3,3000,42,-415.10000000000036,1,10.0,10.0,10.0,10.0,10.0,10.0,10.0,22.5,True,True,True,True,True,True,True,False,1,1,0,1,15,10,10,2,100,5,5,2,2,3
2026-08-20T15:07:45,autotune_ronda4,3000,42,-415.00000000000193,0,10.0,10.0,10.0,10.0,10.0,10.0,10.0,33.75,True,True,True,True,True,True,True,True,0,0,0,0,15,10,10,1,100,5,5,3,1,4
2026-08-20T15:12:35,PIPELINE_FINAL,5000,42,-415.00000000000364,0,100.0,100.0,100.0,100.0,100.0,100.0,100.0,300.0,True,True,True,True,True,True,True,True,0,1,0,0,15,10,10,1,100,5,5,2,2,4
2026-08-20T16:25:02,PIPELINE_FINAL_desglose,5000,42,-415.00000000000364,0,100.0,100.0,100.0,100.0,100.0,100.0,100.0,300.0,True,True,True,True,True,True,True,True,0,1,0,0,15,10,10,1,100,5,5,2,2,4
2026-08-20T16:25:30,PIPELINE_FINAL_desglose2,5000,42,-415.00000000000364,0,100.0,100.0,100.0,100.0,100.0,100.0,100.0,300.0,True,True,True,True,True,True,True,True,0,1,0,0,15,10,10,1,100,5,5,2,2,4
2026-08-24T16:01:54,autotune_ronda1,2000,42,-361.5000000000041,1,50.0,50.0,50.0,50.0,50.0,50.0,50.0,50.0,True,True,True,True,True,True,True,False,0,0,0,1,15,10,0,0,100,5,5,2,0,3
2026-08-24T16:01:57,autotune_ronda2,2000,42,-343.2479999999996,1,50.0,50.0,50.0,50.0,50.0,50.0,50.0,80.0,True,True,True,True,True,True,True,False,1,1,0,1,15,10,0,0,73,5,5,2,0,3
2026-08-24T16:02:01,autotune_ronda3,2000,42,-331.5312000000222,1,50.0,50.0,50.0,50.0,50.0,50.0,50.0,128.0,True,True,True,True,True,True,True,False,1,1,1,0,15,10,0,0,49,5,5,2,0,5
2026-08-24T16:02:04,autotune_ronda4,2000,42,-324.20352000004095,1,50.0,50.0,50.0,50.0,50.0,50.0,50.0,204.8,True,True,True,True,True,True,True,False,0,0,1,0,15,10,0,0,34,5,5,2,0,3
2026-08-24T16:02:07,autotune_ronda5,2000,42,-319.5313920000217,2,50.0,50.0,50.0,50.0,50.0,50.0,50.0,327.68000000000006,True,True,True,False,True,True,True,False,0,0,1,0,15,10,0,0,26,5,5,2,0,2
2026-08-24T16:02:10,autotune_ronda6,2000,42,-316.00811520009756,2,50.0,50.0,50.0,80.0,50.0,50.0,50.0,524.2880000000001,True,True,True,False,True,True,True,False,1,1,1,0,15,10,0,0,21,5,5,2,0,5
2026-08-24T16:02:14,autotune_ronda7,2000,42,-306.0428307910188,1,50.0,50.0,50.0,128.0,50.0,50.0,50.0,838.8608000000003,True,True,True,True,True,True,True,False,1,1,0,0,14,9,0,0,37,5,5,2,0,4
2026-08-24T16:02:17,autotune_ronda8,2000,42,-298.18271721228484,1,50.0,50.0,50.0,128.0,50.0,50.0,50.0,1342.1772800000006,True,True,True,True,True,True,True,False,1,1,1,0,13,7,0,0,57,5,5,2,0,3
2026-08-24T16:02:21,autotune_ronda9,2000,42,-297.14100654060894,1,50.0,50.0,50.0,128.0,50.0,50.0,50.0,2147.483648000001,True,True,True,True,True,True,True,False,0,0,0,1,15,10,0,0,92,3,3,2,0,4
2026-08-24T16:02:24,autotune_ronda10,2000,42,-292.65640261655426,1,50.0,50.0,50.0,128.0,50.0,50.0,50.0,3435.9738368000017,True,True,True,True,True,True,True,False,0,1,0,0,15,10,0,0,51,5,3,2,0,3
2026-08-24T16:02:51,autotune_ronda1,3000,42,-415.60000000000116,1,10.0,10.0,10.0,10.0,10.0,10.0,10.0,10.0,True,True,True,True,True,True,True,False,0,1,0,0,15,10,10,2,100,5,5,2,2,5
2026-08-24T16:02:55,autotune_ronda2,3000,42,-415.40000000000146,1,10.0,10.0,10.0,10.0,10.0,10.0,10.0,15.0,True,True,True,True,True,True,True,False,1,1,0,0,15,10,10,2,100,5,5,3,1,3
2026-08-24T16:02:59,autotune_ronda3,3000,42,-415.10000000000036,1,10.0,10.0,10.0,10.0,10.0,10.0,10.0,22.5,True,True,True,True,True,True,True,False,1,1,0,1,15,10,10,2,100,5,5,2,2,3
2026-08-24T16:03:04,autotune_ronda4,3000,42,-415.00000000000193,0,10.0,10.0,10.0,10.0,10.0,10.0,10.0,33.75,True,True,True,True,True,True,True,True,0,0,0,0,15,10,10,1,100,5,5,3,1,4
2026-08-24T16:03:26,autotune_ronda1,3000,42,-415.60000000000116,1,10.0,10.0,10.0,10.0,10.0,10.0,10.0,10.0,True,True,True,True,True,True,True,False,0,1,0,0,15,10,10,2,100,5,5,2,2,5
2026-08-24T16:03:31,autotune_ronda2,3000,42,-415.40000000000146,1,10.0,10.0,10.0,10.0,10.0,10.0,10.0,15.0,True,True,True,True,True,True,True,False,1,1,0,0,15,10,10,2,100,5,5,3,1,3
2026-08-24T16:03:35,autotune_ronda3,3000,42,-415.10000000000036,1,10.0,10.0,10.0,10.0,10.0,10.0,10.0,22.5,True,True,True,True,True,True,True,False,1,1,0,1,15,10,10,2,100,5,5,2,2,3
2026-08-24T16:03:40,autotune_ronda4,3000,42,-415.00000000000193,0,10.0,10.0,10.0,10.0,10.0,10.0,10.0,33.75,True,True,True,True,True,True,True,True,0,0,0,0,15,10,10,1,100,5,5,3,1,4
2026-08-24T16:16:11,figA4,5000,42,-415.00000000000364,0,100.0,100.0,100.0,100.0,100.0,100.0,100.0,300.0,True,True,True,True,True,True,True,True,0,1,0,0,15,10,10,1,100,5,5,2,2,4
2026-08-24T16:16:37,figA4b,5000,42,-415.00000000000364,0,100.0,100.0,100.0,100.0,100.0,100.0,100.0,300.0,True,True,True,True,True,True,True,True,0,1,0,0,15,10,10,1,100,5,5,2,2,4
