puesto,seed,restricciones_ok,ganador,distancia,segundo,x_ex_total,x_ex_stack,x_tech,x_test,x_senior,x_lead,x_cert,x_ingles,x_soft,x_salary
backend,1,8,C05,1.9,C02,15,10,0,100,5,5,10,4,1,4
backend,7,8,C11,1.789,C01,15,10,0,100,5,5,10,5,0,5
backend,42,8,C05,1.791,C02,15,10,1,100,5,5,10,2,2,4
backend,123,8,C13,1.872,C03,15,10,2,100,5,5,10,2,1,3
backend,2024,8,C13,2.048,C05,15,10,0,100,5,5,10,4,1,6
lider,1,8,C01,1.211,C11,15,6,2,100,5,5,10,2,3,3
lider,7,8,C01,1.862,C11,15,6,2,100,5,5,10,2,3,3
lider,42,8,C05,1.889,C02,15,6,2,100,5,5,10,2,3,0
lider,123,8,C13,1.73,C03,15,6,2,100,5,5,10,2,3,4
lider,2024,8,C02,1.667,C05,15,6,2,100,5,5,10,2,3,6
tecnico,1,8,C05,1.284,C02,15,2,4,100,5,5,10,2,3,4
tecnico,7,8,C01,1.782,C11,15,2,4,100,5,5,10,2,3,6
tecnico,42,8,C13,1.692,C03,15,2,4,100,5,5,10,2,3,3
tecnico,123,8,C06,1.928,C14,15,2,4,100,5,5,10,2,3,5
tecnico,2024,8,C13,1.753,C03,15,2,4,100,5,5,10,2,3,6
